regime,mean_error,std_error,count
low,1.6538251761979277,2.452073995418137,4095
mid,1.305606043318876,2.5709375423406025,8181
high,-1.4974368424226459,3.2316594966599195,4092
