marginal_fuel,mean_error,std_error,count
biomass,1.020218049666869,1.4319229540603515,1651
coal,-0.46506718559851173,2.6627216697733456,5393
hydro,0.19253424657534246,1.07114943845793,146
lng_ccgt,1.32116761958164,3.2187385585073063,9175
renewable_curtailment,-0.01,0.0,3
