regime,mean_error,std_error,count
low,6.0750285692824235,2.7630974553588854,4095
mid,2.206658748288159,0.8960948360032851,8181
high,-1.8218794755336118,2.8001442092835322,4092
