fuel_type,generation_delta_twh,capacity_factor_delta
biomass,-5.420542999999999,-0.1324668377321604
coal_old,-23.233609,-0.1351860133594005
coal_usc,-19.281845000000004,-0.09816840277777783
hydro,-5.342956999999998,-0.06528539833822089
lng_ccgt,-29.401224499999984,-0.055269615196631317
lng_ocgt,-0.3667775000000001,-0.002987760671228414
nuclear,0.0,0.0
oil,-0.002161,-1.7603453893776474e-05
solar,83.19087247065906,-0.0062228935404742836
wind,-0.14175547065906002,-0.0034642099379046942
