fuel_type,generation_delta_twh,capacity_factor_delta
biomass,-11.713196499999999,-0.2862462487781036
coal,-58.02581599999996,-0.15755896600412733
hydro,-2.1109285,-0.011724254087798758
lng_ccgt,-50.63312499999999,-0.09518220354913905
lng_ocgt,0.0,0.0
nuclear,122.75999999999999,0.0
oil,0.0,0.0
solar,-0.26665724519440914,-0.00040728440431697654
wind,-0.01027675480559509,-0.0002511425905570297
